{
  "利尿剂总剂量": 13.23019790770461,
  "心率HR": 25.534399740044478,
  "钙离子(Ca2+)": 15.69103725254213,
  "白细胞计数(WBC#)": 11.68707395430545,
  "钾离子(K+)": 17.113477897288977,
  "总胆红素(TBIL)": 16.743813248114353
}