{
  "利尿剂总剂量": 7.923997549295416,
  "心率HR": 20.949342934561376,
  "钙离子(Ca2+)": 15.97450865809063,
  "白细胞计数(WBC#)": 19.36700141314349,
  "钾离子(K+)": 19.086536376841323,
  "总胆红素(TBIL)": 16.698613068067772
}