{"features": ["\u5229\u5c3f\u5242\u603b\u5242\u91cf", "\u5fc3\u7387HR", "\u9499\u79bb\u5b50(Ca2+)", "\u767d\u7ec6\u80de\u8ba1\u6570(WBC#)", "\u94be\u79bb\u5b50(K+)", "\u603b\u80c6\u7ea2\u7d20(TBIL)"], "mean": [2.180287610619469, 93.65463575846262, 2.174828253852699, 8.975530973451328, 4.06329203539823, 13.03689065022355], "scale": [22.550826511578972, 44.81046842853875, 0.18172520082725435, 4.7653249693174065, 0.5752845726195751, 9.170194815843708]}