{"features": ["\u5229\u5c3f\u5242\u603b\u5242\u91cf", "\u5fc3\u7387HR", "\u9499\u79bb\u5b50(Ca2+)", "\u767d\u7ec6\u80de\u8ba1\u6570(WBC#)", "\u94be\u79bb\u5b50(K+)", "\u603b\u80c6\u7ea2\u7d20(TBIL)"], "mean": [0.057765486725663714, 91.89289072394678, 2.1661193704963986, 8.629646017699114, 4.050641592920353, 13.702935366072573], "scale": [0.12538783322291808, 29.33171865628392, 0.17178950595748776, 4.289936862213263, 0.5768742749217451, 9.744485020285035]}